{"cameraMode":{"drawMode":0,"name":"Shaded","section":"Shading Mode"},"sceneLighting":false,"audioPlay":false,"sceneViewState":{"showFog":true,"showMaterialUpdate":false,"showSkybox":true,"showFlares":true,"showImageEffects":true,"showParticleSystems":true},"in2DMode":false,"pivot":{"x":-18.950355529785158,"y":4.101001262664795,"z":17.576173782348634},"rotation":{"x":-0.3675152659416199,"y":0.4889505207538605,"z":-0.23819835484027863,"w":-0.7544013857841492},"size":0.6164239645004273,"orthographic":false}