{"cameraMode":{"drawMode":0,"name":"Shaded","section":"Shading Mode"},"sceneLighting":false,"audioPlay":false,"sceneViewState":{"showFog":true,"showMaterialUpdate":false,"showSkybox":true,"showFlares":true,"showImageEffects":true,"showParticleSystems":true},"in2DMode":false,"pivot":{"x":-2.1895902156829836,"y":2.1184520721435549,"z":-0.1400928944349289},"rotation":{"x":0.25409135222435,"y":0.7100101113319397,"z":-0.3122408390045166,"w":0.577779233455658},"size":17.45395278930664,"orthographic":false}