{"cameraMode":{"drawMode":0,"name":"Shaded","section":"Shading Mode"},"sceneLighting":false,"audioPlay":false,"sceneViewState":{"showFog":true,"showMaterialUpdate":false,"showSkybox":true,"showFlares":true,"showImageEffects":true,"showParticleSystems":true},"in2DMode":false,"pivot":{"x":0.0,"y":0.8199999332427979,"z":0.3999999761581421},"rotation":{"x":0.4184194803237915,"y":0.35666975378990176,"z":-0.18311886489391328,"w":0.8149719834327698},"size":3.935864210128784,"orthographic":false}