{"cameraMode":{"drawMode":0,"name":"Shaded","section":"Shading Mode"},"sceneLighting":false,"audioPlay":false,"sceneViewState":{"showFog":true,"showMaterialUpdate":false,"showSkybox":true,"showFlares":true,"showImageEffects":true,"showParticleSystems":true},"in2DMode":false,"pivot":{"x":37.0823974609375,"y":-23.823244094848634,"z":6.12095832824707},"rotation":{"x":0.2303813099861145,"y":0.5949882864952087,"z":-0.18328355252742768,"w":0.7478773593902588},"size":93.7474365234375,"orthographic":false}