{"cameraMode":{"drawMode":0,"name":"Shaded","section":"Shading Mode"},"sceneLighting":false,"audioPlay":false,"sceneViewState":{"showFog":true,"showMaterialUpdate":false,"showSkybox":true,"showFlares":true,"showImageEffects":true,"showParticleSystems":true},"in2DMode":false,"pivot":{"x":-21.461002349853517,"y":0.8397326469421387,"z":-22.850963592529298},"rotation":{"x":0.02764155901968479,"y":-0.9350016713142395,"z":0.07479211688041687,"w":0.3455633521080017},"size":3.609142780303955,"orthographic":false}