{"cameraMode":{"drawMode":0,"name":"Shaded","section":"Shading Mode"},"sceneLighting":false,"audioPlay":false,"sceneViewState":{"showFog":true,"showMaterialUpdate":false,"showSkybox":true,"showFlares":true,"showImageEffects":true,"showParticleSystems":true},"in2DMode":false,"pivot":{"x":6.770994186401367,"y":-4.345357894897461,"z":-8.114563941955567},"rotation":{"x":-0.30610373616218569,"y":-0.3941751718521118,"z":0.8549918532371521,"w":-0.14112229645252229},"size":0.00005715767838410102,"orthographic":true}