{"cameraMode":{"drawMode":0,"name":"Shaded","section":"Shading Mode"},"sceneLighting":false,"audioPlay":false,"sceneViewState":{"showFog":true,"showMaterialUpdate":false,"showSkybox":true,"showFlares":true,"showImageEffects":true,"showParticleSystems":true},"in2DMode":false,"pivot":{"x":-11.729999542236329,"y":13.3100004196167,"z":0.23000000417232514},"rotation":{"x":0.295114666223526,"y":0.19598853588104249,"z":-0.0619865246117115,"w":0.9330881834030151},"size":22.0,"orthographic":false}