{"cameraMode":{"drawMode":0,"name":"Shaded","section":"Shading Mode"},"sceneLighting":false,"audioPlay":false,"sceneViewState":{"showFog":true,"showMaterialUpdate":false,"showSkybox":true,"showFlares":true,"showImageEffects":true,"showParticleSystems":true},"in2DMode":false,"pivot":{"x":-3.4001729488372804,"y":1.8068740367889405,"z":-2.9443750381469728},"rotation":{"x":0.16878171265125276,"y":-0.8156468868255615,"z":0.2934114336967468,"w":0.4691936671733856},"size":0.8720804452896118,"orthographic":false}