{"cameraMode":{"drawMode":0,"name":"Shaded","section":"Shading Mode"},"sceneLighting":false,"audioPlay":false,"sceneViewState":{"showFog":true,"showMaterialUpdate":false,"showSkybox":true,"showFlares":true,"showImageEffects":true,"showParticleSystems":true},"in2DMode":false,"pivot":{"x":-1.3098857402801514,"y":-0.3725557327270508,"z":0.8946771621704102},"rotation":{"x":-0.30438587069511416,"y":0.01226078625768423,"z":-0.003919880837202072,"w":-0.952461838722229},"size":5.286652088165283,"orthographic":false}