{"cameraMode":{"drawMode":0,"name":"Shaded","section":"Shading Mode"},"sceneLighting":false,"audioPlay":false,"sceneViewState":{"showFog":true,"showMaterialUpdate":false,"showSkybox":true,"showFlares":true,"showImageEffects":true,"showParticleSystems":true},"in2DMode":false,"pivot":{"x":-4.236999988555908,"y":3.965332508087158,"z":3.140000104904175},"rotation":{"x":-0.03369076922535896,"y":0.9533621668815613,"z":-0.27653956413269045,"w":-0.11615259200334549},"size":4.070319175720215,"orthographic":false}