{"cameraMode":{"drawMode":0,"name":"Shaded","section":"Shading Mode"},"sceneLighting":false,"audioPlay":false,"sceneViewState":{"showFog":true,"showMaterialUpdate":false,"showSkybox":true,"showFlares":true,"showImageEffects":true,"showParticleSystems":true},"in2DMode":false,"pivot":{"x":21.186403274536134,"y":-9.882715225219727,"z":-3.6324517726898195},"rotation":{"x":0.09557516127824784,"y":0.7272457480430603,"z":-0.10346857458353043,"w":0.671768844127655},"size":50.40678405761719,"orthographic":false}