{"cameraMode":{"drawMode":0,"name":"Shaded","section":"Shading Mode"},"sceneLighting":false,"audioPlay":false,"sceneViewState":{"showFog":true,"showMaterialUpdate":false,"showSkybox":true,"showFlares":true,"showImageEffects":true,"showParticleSystems":true},"in2DMode":false,"pivot":{"x":-3.2300000190734865,"y":1.5,"z":-4.489999771118164},"rotation":{"x":0.058803047984838489,"y":0.9160503149032593,"z":-0.36887800693511965,"w":0.14602446556091309},"size":2.8578836917877199,"orthographic":false}