{"cameraMode":{"drawMode":0,"name":"Shaded","section":"Shading Mode"},"sceneLighting":false,"audioPlay":false,"sceneViewState":{"showFog":true,"showMaterialUpdate":false,"showSkybox":true,"showFlares":true,"showImageEffects":true,"showParticleSystems":true},"in2DMode":false,"pivot":{"x":0.3478822708129883,"y":1.0948399305343629,"z":-1.737856388092041},"rotation":{"x":-0.32371985912323,"y":-0.058732010424137118,"z":0.020136335864663125,"w":-0.9441136717796326},"size":0.9041813015937805,"orthographic":false}