{"cameraMode":{"drawMode":0,"name":"Shaded","section":"Shading Mode"},"sceneLighting":false,"audioPlay":false,"sceneViewState":{"showFog":true,"showMaterialUpdate":false,"showSkybox":true,"showFlares":true,"showImageEffects":true,"showParticleSystems":true},"in2DMode":false,"pivot":{"x":-13.510257720947266,"y":0.177072674036026,"z":-6.181568145751953},"rotation":{"x":0.08726488053798676,"y":-0.859459638595581,"z":0.15667065978050233,"w":0.47871533036231997},"size":28.285566329956056,"orthographic":false}